{"0": "ViolentCrimesPerPop", "1": "population", "2": "householdsize", "3": "agePct12t21", "4": "agePct12t29", "5": "agePct16t24", "6": "agePct65up", "7": "numbUrban", "8": "pctUrban", "9": "medIncome", "10": "pctWWage", "11": "pctWFarmSelf", "12": "pctWInvInc", "13": "pctWSocSec", "14": "pctWPubAsst", "15": "pctWRetire", "16": "medFamInc", "17": "perCapInc", "18": "whitePerCap", "19": "blackPerCap", "20": "indianPerCap", "21": "AsianPerCap", "22": "HispPerCap", "23": "NumUnderPov", "24": "PctPopUnderPov", "25": "PctLess9thGrade", "26": "PctNotHSGrad", "27": "PctBSorMore", "28": "PctUnemployed", "29": "PctEmploy", "30": "PctEmplManu", "31": "PctEmplProfServ", "32": "PctOccupManu", "33": "PctOccupMgmtProf", "34": "MalePctDivorce", "35": "MalePctNevMarr", "36": "FemalePctDiv", "37": "TotalPctDiv", "38": "PersPerFam", "39": "PctFam2Par", "40": "PctKids2Par", "41": "PctYoungKids2Par", "42": "PctTeen2Par", "43": "PctWorkMomYoungKids", "44": "PctWorkMom", "45": "NumIlleg", "46": "PctIlleg", "47": "NumImmig", "48": "PctImmigRecent", "49": "PctImmigRec5", "50": "PctImmigRec8", "51": "PctImmigRec10", "52": "PctRecentImmig", "53": "PctRecImmig5", "54": "PctRecImmig8", "55": "PctRecImmig10", "56": "PctSpeakEnglOnly", "57": "PctNotSpeakEnglWell", "58": "PctLargHouseFam", "59": "PctLargHouseOccup", "60": "PersPerOccupHous", "61": "PersPerOwnOccHous", "62": "PersPerRentOccHous", "63": "PctPersOwnOccup", "64": "PctPersDenseHous", "65": "PctHousLess3BR", "66": "MedNumBR", "67": "HousVacant", "68": "PctHousOccup", "69": "PctHousOwnOcc", "70": "PctVacantBoarded", "71": "PctVacMore6Mos", "72": "MedYrHousBuilt", "73": "PctHousNoPhone", "74": "PctWOFullPlumb", "75": "OwnOccLowQuart", "76": "OwnOccMedVal", "77": "OwnOccHiQuart", "78": "RentLowQ", "79": "RentMedian", "80": "RentHighQ", "81": "MedRent", "82": "MedRentPctHousInc", "83": "MedOwnCostPctInc", "84": "MedOwnCostPctIncNoMtg", "85": "NumInShelters", "86": "NumStreet", "87": "PctForeignBorn", "88": "PctBornSameState", "89": "PctSameHouse85", "90": "PctSameCity85", "91": "PctSameState85", "92": "LandArea", "93": "PopDens", "94": "PctUsePubTrans", "95": "LemasPctOfficDrugUn"}